"_key",alert,"alert_time","job_id",owner,priority,"severity_id",status,ttl
549a7283fb634073d3547b11,"demo_alert1_splunk_errors",1419408001,"scheduler__admin_U0EtYWxlcnRfbWFuYWdlcl9kZW1v__RMD5efab7809fc8bc710_at_1419408000_2",demo1,critical,4,resolved,86400
549a7283fb634073d3547b12,"demo_alert2_splunk_warnings",1419408001,"scheduler__admin_U0EtYWxlcnRfbWFuYWdlcl9kZW1v__RMD5ad7b61a9b44b3088_at_1419408000_3",demo1,low,3,resolved,21600
549a7294fb634073d3547b13,"demo_alert3_rt_splunk_info",1419407840,"rt_scheduler__admin_U0EtYWxlcnRfbWFuYWdlcl9kZW1v__RMD5e64717840886b5a3_at_1419407805_0.89",demo2,low,1,"auto_previous_resolved",86400
549a73b1fb634073d3547b14,"demo_alert1_splunk_errors",1419408301,"scheduler__admin_U0EtYWxlcnRfbWFuYWdlcl9kZW1v__RMD5efab7809fc8bc710_at_1419408300_10",demo1,low,4,resolved,86400
549a73b1fb634073d3547b15,"demo_alert2_splunk_warnings",1419408301,"scheduler__admin_U0EtYWxlcnRfbWFuYWdlcl9kZW1v__RMD5ad7b61a9b44b3088_at_1419408300_11",demo2,low,3,resolved,21600
549a74dbfb634073d3547b16,"demo_alert1_splunk_errors",1419408601,"scheduler__admin_U0EtYWxlcnRfbWFuYWdlcl9kZW1v__RMD5efab7809fc8bc710_at_1419408600_14",demo1,critical,4,resolved,86400
549a74dbfb634073d3547b17,"demo_alert2_splunk_warnings",1419408601,"scheduler__admin_U0EtYWxlcnRfbWFuYWdlcl9kZW1v__RMD5ad7b61a9b44b3088_at_1419408600_15",unassigned,low,3,resolved,21600
549a74effb634073d3547b18,"demo_alert3_rt_splunk_info",1419407840,"rt_scheduler__admin_U0EtYWxlcnRfbWFuYWdlcl9kZW1v__RMD5e64717840886b5a3_at_1419407805_0.530",demo2,low,1,resolved,86400
549a7606fb634073d3547b19,"demo_alert2_splunk_warnings",1419408901,"scheduler__admin_U0EtYWxlcnRfbWFuYWdlcl9kZW1v__RMD5ad7b61a9b44b3088_at_1419408900_20",unassigned,medium,3,"auto_previous_resolved",21600
549a7606fb634073d3547b1a,"demo_alert1_splunk_errors",1419408901,"scheduler__admin_U0EtYWxlcnRfbWFuYWdlcl9kZW1v__RMD5efab7809fc8bc710_at_1419408900_19",demo2,critical,4,resolved,86400
549a761cfb634073d3547b1b,"demo_alert3_rt_splunk_info",1419407840,"rt_scheduler__admin_U0EtYWxlcnRfbWFuYWdlcl9kZW1v__RMD5e64717840886b5a3_at_1419407805_0.749",demo2,critical,1,resolved,86400
549a7732fb634073d3547b1c,"demo_alert1_splunk_errors",1419409201,"scheduler__admin_U0EtYWxlcnRfbWFuYWdlcl9kZW1v__RMD5efab7809fc8bc710_at_1419409200_23",demo1,critical,4,resolved,86400
549a774afb634073d3547b1d,"demo_alert3_rt_splunk_info",1419407840,"rt_scheduler__admin_U0EtYWxlcnRfbWFuYWdlcl9kZW1v__RMD5e64717840886b5a3_at_1419407805_0.972",demo2,low,1,"auto_previous_resolved",86400
549a785efb634073d3547b1e,"demo_alert1_splunk_errors",1419409501,"scheduler__admin_U0EtYWxlcnRfbWFuYWdlcl9kZW1v__RMD5efab7809fc8bc710_at_1419409500_30",demo1,critical,4,"auto_ttl_resolved",3600
549a785efb634073d3547b1f,"demo_alert2_splunk_warnings",1419409501,"scheduler__admin_U0EtYWxlcnRfbWFuYWdlcl9kZW1v__RMD5ad7b61a9b44b3088_at_1419409500_31",unassigned,medium,3,"auto_previous_resolved",86400
549a798bfb634073d3547b20,"demo_alert1_splunk_errors",1419409801,"scheduler__admin_U0EtYWxlcnRfbWFuYWdlcl9kZW1v__RMD5efab7809fc8bc710_at_1419409800_34",demo1,critical,4,"auto_ttl_resolved",3600
549a79a5fb634073d3547b21,"demo_alert3_rt_splunk_info",1419407840,"rt_scheduler__admin_U0EtYWxlcnRfbWFuYWdlcl9kZW1v__RMD5e64717840886b5a3_at_1419407805_0.1385",demo2,low,1,"auto_previous_resolved",86400
549a7ab6fb634073d3547b22,"demo_alert1_splunk_errors",1419410101,"scheduler__admin_U0EtYWxlcnRfbWFuYWdlcl9kZW1v__RMD5efab7809fc8bc710_at_1419410100_39",demo1,critical,4,"auto_ttl_resolved",3600
549a7be2fb634073d3547b23,"demo_alert1_splunk_errors",1419410401,"scheduler__admin_U0EtYWxlcnRfbWFuYWdlcl9kZW1v__RMD5efab7809fc8bc710_at_1419410400_43",demo1,critical,4,"auto_ttl_resolved",3600
549a7bfffb634073d3547b24,"demo_alert3_rt_splunk_info",1419407840,"rt_scheduler__admin_U0EtYWxlcnRfbWFuYWdlcl9kZW1v__RMD5e64717840886b5a3_at_1419407805_0.1799",demo2,low,1,"auto_previous_resolved",86400
549a7d0efb634073d3547b25,"demo_alert1_splunk_errors",1419410701,"scheduler__admin_U0EtYWxlcnRfbWFuYWdlcl9kZW1v__RMD5efab7809fc8bc710_at_1419410700_50",demo1,critical,4,"auto_ttl_resolved",3600
549a7e3afb634073d3547b26,"demo_alert1_splunk_errors",1419411001,"scheduler__admin_U0EtYWxlcnRfbWFuYWdlcl9kZW1v__RMD5efab7809fc8bc710_at_1419411000_54",demo1,critical,4,"auto_ttl_resolved",3600
549a7e58fb634073d3547b27,"demo_alert3_rt_splunk_info",1419407840,"rt_scheduler__admin_U0EtYWxlcnRfbWFuYWdlcl9kZW1v__RMD5e64717840886b5a3_at_1419407805_0.2212",demo2,low,1,"auto_previous_resolved",86400
549a7f66fb634073d3547b28,"demo_alert1_splunk_errors",1419411301,"scheduler__admin_U0EtYWxlcnRfbWFuYWdlcl9kZW1v__RMD5efab7809fc8bc710_at_1419411300_59",demo1,critical,4,"auto_ttl_resolved",3600
549a8092fb634073d3547b29,"demo_alert1_splunk_errors",1419411601,"scheduler__admin_U0EtYWxlcnRfbWFuYWdlcl9kZW1v__RMD5efab7809fc8bc710_at_1419411600_63",demo1,critical,4,"auto_ttl_resolved",3600
549a80b3fb634073d3547b2a,"demo_alert3_rt_splunk_info",1419407840,"rt_scheduler__admin_U0EtYWxlcnRfbWFuYWdlcl9kZW1v__RMD5e64717840886b5a3_at_1419407805_0.2631",demo2,low,1,"auto_previous_resolved",86400
549a81befb634073d3547b2b,"demo_alert1_splunk_errors",1419411901,"scheduler__admin_U0EtYWxlcnRfbWFuYWdlcl9kZW1v__RMD5efab7809fc8bc710_at_1419411900_71",demo1,critical,4,"auto_ttl_resolved",3600
549a82eafb634073d3547b2c,"demo_alert1_splunk_errors",1419412201,"scheduler__admin_U0EtYWxlcnRfbWFuYWdlcl9kZW1v__RMD5efab7809fc8bc710_at_1419412200_75",demo1,critical,4,"auto_ttl_resolved",3600
549a830cfb634073d3547b2d,"demo_alert3_rt_splunk_info",1419407840,"rt_scheduler__admin_U0EtYWxlcnRfbWFuYWdlcl9kZW1v__RMD5e64717840886b5a3_at_1419407805_0.3046",demo2,low,1,"auto_previous_resolved",86400
549a8416fb634073d3547b2e,"demo_alert1_splunk_errors",1419412501,"scheduler__admin_U0EtYWxlcnRfbWFuYWdlcl9kZW1v__RMD5efab7809fc8bc710_at_1419412500_80",demo1,critical,4,"auto_ttl_resolved",3600
549a8542fb634073d3547b2f,"demo_alert1_splunk_errors",1419412801,"scheduler__admin_U0EtYWxlcnRfbWFuYWdlcl9kZW1v__RMD5efab7809fc8bc710_at_1419412800_84",demo1,critical,4,"auto_ttl_resolved",3600
549a8566fb634073d3547b30,"demo_alert3_rt_splunk_info",1419407840,"rt_scheduler__admin_U0EtYWxlcnRfbWFuYWdlcl9kZW1v__RMD5e64717840886b5a3_at_1419407805_0.3458",demo2,low,1,"auto_previous_resolved",86400
549a866efb634073d3547b31,"demo_alert1_splunk_errors",1419413101,"scheduler__admin_U0EtYWxlcnRfbWFuYWdlcl9kZW1v__RMD5efab7809fc8bc710_at_1419413100_91",demo1,critical,4,"auto_ttl_resolved",3600
549a879afb634073d3547b32,"demo_alert1_splunk_errors",1419413401,"scheduler__admin_U0EtYWxlcnRfbWFuYWdlcl9kZW1v__RMD5efab7809fc8bc710_at_1419413400_95",demo1,critical,4,"auto_ttl_resolved",3600
549a87c2fb634073d3547b33,"demo_alert3_rt_splunk_info",1419407840,"rt_scheduler__admin_U0EtYWxlcnRfbWFuYWdlcl9kZW1v__RMD5e64717840886b5a3_at_1419407805_0.3877",demo2,low,1,"auto_previous_resolved",86400
549a88c6fb634073d3547b34,"demo_alert1_splunk_errors",1419413701,"scheduler__admin_U0EtYWxlcnRfbWFuYWdlcl9kZW1v__RMD5efab7809fc8bc710_at_1419413700_100",demo1,critical,4,"auto_ttl_resolved",3600
549a89f2fb634073d3547b35,"demo_alert1_splunk_errors",1419414001,"scheduler__admin_U0EtYWxlcnRfbWFuYWdlcl9kZW1v__RMD5efab7809fc8bc710_at_1419414000_104",demo1,critical,4,"auto_ttl_resolved",3600
549a8a1bfb634073d3547b36,"demo_alert3_rt_splunk_info",1419407840,"rt_scheduler__admin_U0EtYWxlcnRfbWFuYWdlcl9kZW1v__RMD5e64717840886b5a3_at_1419407805_0.4288",demo2,low,1,"auto_previous_resolved",86400
549a8b1efb634073d3547b37,"demo_alert1_splunk_errors",1419414301,"scheduler__admin_U0EtYWxlcnRfbWFuYWdlcl9kZW1v__RMD5efab7809fc8bc710_at_1419414300_111",demo1,critical,4,"auto_ttl_resolved",3600
549a8c4afb634073d3547b38,"demo_alert1_splunk_errors",1419414601,"scheduler__admin_U0EtYWxlcnRfbWFuYWdlcl9kZW1v__RMD5efab7809fc8bc710_at_1419414600_115",demo1,critical,4,"auto_ttl_resolved",3600
549a8c77fb634073d3547b39,"demo_alert3_rt_splunk_info",1419407840,"rt_scheduler__admin_U0EtYWxlcnRfbWFuYWdlcl9kZW1v__RMD5e64717840886b5a3_at_1419407805_0.4703",demo2,low,1,"auto_previous_resolved",86400
549a8d76fb634073d3547b3a,"demo_alert1_splunk_errors",1419414901,"scheduler__admin_U0EtYWxlcnRfbWFuYWdlcl9kZW1v__RMD5efab7809fc8bc710_at_1419414900_120",demo1,critical,4,"auto_ttl_resolved",3600
549a8ea2fb634073d3547b3b,"demo_alert1_splunk_errors",1419415201,"scheduler__admin_U0EtYWxlcnRfbWFuYWdlcl9kZW1v__RMD5efab7809fc8bc710_at_1419415200_124",demo1,critical,4,"auto_ttl_resolved",3600
549a8ed0fb634073d3547b3c,"demo_alert3_rt_splunk_info",1419407840,"rt_scheduler__admin_U0EtYWxlcnRfbWFuYWdlcl9kZW1v__RMD5e64717840886b5a3_at_1419407805_0.5115",demo2,low,1,"auto_previous_resolved",86400
549a8fcefb634073d3547b3d,"demo_alert1_splunk_errors",1419415501,"scheduler__admin_U0EtYWxlcnRfbWFuYWdlcl9kZW1v__RMD5efab7809fc8bc710_at_1419415500_132",demo1,critical,4,"auto_ttl_resolved",3600
549a90fafb634073d3547b3e,"demo_alert1_splunk_errors",1419415801,"scheduler__admin_U0EtYWxlcnRfbWFuYWdlcl9kZW1v__RMD5efab7809fc8bc710_at_1419415800_136",demo1,critical,4,"auto_ttl_resolved",3600
549a912bfb634073d3547b3f,"demo_alert3_rt_splunk_info",1419407840,"rt_scheduler__admin_U0EtYWxlcnRfbWFuYWdlcl9kZW1v__RMD5e64717840886b5a3_at_1419407805_0.5531",demo2,low,1,"auto_previous_resolved",86400
549a9226fb634073d3547b40,"demo_alert1_splunk_errors",1419416101,"scheduler__admin_U0EtYWxlcnRfbWFuYWdlcl9kZW1v__RMD5efab7809fc8bc710_at_1419416100_141",demo1,critical,4,"auto_ttl_resolved",3600
549a9352fb634073d3547b41,"demo_alert1_splunk_errors",1419416401,"scheduler__admin_U0EtYWxlcnRfbWFuYWdlcl9kZW1v__RMD5efab7809fc8bc710_at_1419416400_145",demo1,critical,4,"auto_ttl_resolved",3600
549a9386fb634073d3547b42,"demo_alert3_rt_splunk_info",1419407840,"rt_scheduler__admin_U0EtYWxlcnRfbWFuYWdlcl9kZW1v__RMD5e64717840886b5a3_at_1419407805_0.5942",demo2,low,1,"auto_previous_resolved",86400
549a947efb634073d3547b43,"demo_alert1_splunk_errors",1419416701,"scheduler__admin_U0EtYWxlcnRfbWFuYWdlcl9kZW1v__RMD5efab7809fc8bc710_at_1419416700_152",demo1,critical,4,"auto_ttl_resolved",3600
549a95abfb634073d3547b44,"demo_alert1_splunk_errors",1419417001,"scheduler__admin_U0EtYWxlcnRfbWFuYWdlcl9kZW1v__RMD5efab7809fc8bc710_at_1419417000_156",demo1,critical,4,"auto_ttl_resolved",3600
549a95e0fb634073d3547b45,"demo_alert3_rt_splunk_info",1419407840,"rt_scheduler__admin_U0EtYWxlcnRfbWFuYWdlcl9kZW1v__RMD5e64717840886b5a3_at_1419407805_0.6361",demo2,low,1,"auto_previous_resolved",86400
549a96d6fb634073d3547b46,"demo_alert1_splunk_errors",1419417301,"scheduler__admin_U0EtYWxlcnRfbWFuYWdlcl9kZW1v__RMD5efab7809fc8bc710_at_1419417300_161",demo1,critical,4,"auto_ttl_resolved",3600
549a9802fb634073d3547b47,"demo_alert1_splunk_errors",1419417601,"scheduler__admin_U0EtYWxlcnRfbWFuYWdlcl9kZW1v__RMD5efab7809fc8bc710_at_1419417600_165",demo1,critical,4,"auto_ttl_resolved",3600
549a983dfb634073d3547b48,"demo_alert3_rt_splunk_info",1419407840,"rt_scheduler__admin_U0EtYWxlcnRfbWFuYWdlcl9kZW1v__RMD5e64717840886b5a3_at_1419407805_0.6774",demo2,low,1,"auto_previous_resolved",86400
549a992efb634073d3547b49,"demo_alert1_splunk_errors",1419417901,"scheduler__admin_U0EtYWxlcnRfbWFuYWdlcl9kZW1v__RMD5efab7809fc8bc710_at_1419417900_172",demo1,critical,4,"auto_ttl_resolved",3600
549a9a5afb634073d3547b4a,"demo_alert1_splunk_errors",1419418201,"scheduler__admin_U0EtYWxlcnRfbWFuYWdlcl9kZW1v__RMD5efab7809fc8bc710_at_1419418200_176",demo1,critical,4,"auto_ttl_resolved",3600
549a9a96fb634073d3547b4b,"demo_alert3_rt_splunk_info",1419407840,"rt_scheduler__admin_U0EtYWxlcnRfbWFuYWdlcl9kZW1v__RMD5e64717840886b5a3_at_1419407805_0.7199",demo2,low,1,"auto_previous_resolved",86400
549a9b86fb634073d3547b4c,"demo_alert1_splunk_errors",1419418501,"scheduler__admin_U0EtYWxlcnRfbWFuYWdlcl9kZW1v__RMD5efab7809fc8bc710_at_1419418500_181",demo1,critical,4,"auto_assigned",3600
549a9cb2fb634073d3547b4d,"demo_alert1_splunk_errors",1419418801,"scheduler__admin_U0EtYWxlcnRfbWFuYWdlcl9kZW1v__RMD5efab7809fc8bc710_at_1419418800_185",demo1,critical,4,"auto_assigned",3600
549a9cf2fb634073d3547b4e,"demo_alert3_rt_splunk_info",1419407840,"rt_scheduler__admin_U0EtYWxlcnRfbWFuYWdlcl9kZW1v__RMD5e64717840886b5a3_at_1419407805_0.7612",demo2,low,1,"auto_previous_resolved",86400
549a9ddefb634073d3547b4f,"demo_alert1_splunk_errors",1419419101,"scheduler__admin_U0EtYWxlcnRfbWFuYWdlcl9kZW1v__RMD5efab7809fc8bc710_at_1419419100_193",demo1,critical,4,"auto_assigned",3600
549a9f0bfb634073d3547b50,"demo_alert1_splunk_errors",1419419402,"scheduler__admin_U0EtYWxlcnRfbWFuYWdlcl9kZW1v__RMD5efab7809fc8bc710_at_1419419400_197",demo1,critical,4,"auto_assigned",3600
549a9f4cfb634073d3547b51,"demo_alert3_rt_splunk_info",1419407840,"rt_scheduler__admin_U0EtYWxlcnRfbWFuYWdlcl9kZW1v__RMD5e64717840886b5a3_at_1419407805_0.8031",demo2,low,1,"auto_previous_resolved",86400
549aa037fb634073d3547b52,"demo_alert1_splunk_errors",1419419701,"scheduler__admin_U0EtYWxlcnRfbWFuYWdlcl9kZW1v__RMD5efab7809fc8bc710_at_1419419700_202",demo1,critical,4,"auto_assigned",3600
549aa162fb634073d3547b53,"demo_alert1_splunk_errors",1419420001,"scheduler__admin_U0EtYWxlcnRfbWFuYWdlcl9kZW1v__RMD5efab7809fc8bc710_at_1419420000_206",demo1,critical,4,"auto_assigned",3600
549aa1a5fb634073d3547b54,"demo_alert3_rt_splunk_info",1419407840,"rt_scheduler__admin_U0EtYWxlcnRfbWFuYWdlcl9kZW1v__RMD5e64717840886b5a3_at_1419407805_0.8444",demo2,low,1,"auto_previous_resolved",86400
549aa28ffb634073d3547b55,"demo_alert1_splunk_errors",1419420301,"scheduler__admin_U0EtYWxlcnRfbWFuYWdlcl9kZW1v__RMD5efab7809fc8bc710_at_1419420300_213",demo1,critical,4,"auto_assigned",3600
549aa3bafb634073d3547b56,"demo_alert1_splunk_errors",1419420601,"scheduler__admin_U0EtYWxlcnRfbWFuYWdlcl9kZW1v__RMD5efab7809fc8bc710_at_1419420600_217",demo1,critical,4,"auto_assigned",3600
549aa400fb634073d3547b57,"demo_alert3_rt_splunk_info",1419407840,"rt_scheduler__admin_U0EtYWxlcnRfbWFuYWdlcl9kZW1v__RMD5e64717840886b5a3_at_1419407805_0.8868",demo2,low,1,"auto_previous_resolved",86400
549aa4e6fb634073d3547b58,"demo_alert1_splunk_errors",1419420901,"scheduler__admin_U0EtYWxlcnRfbWFuYWdlcl9kZW1v__RMD5efab7809fc8bc710_at_1419420900_222",demo1,critical,4,"auto_assigned",3600
549aa613fb634073d3547b59,"demo_alert1_splunk_errors",1419421201,"scheduler__admin_U0EtYWxlcnRfbWFuYWdlcl9kZW1v__RMD5efab7809fc8bc710_at_1419421200_226",demo1,critical,4,resolved,3600
549aa65afb634073d3547b5a,"demo_alert3_rt_splunk_info",1419407840,"rt_scheduler__admin_U0EtYWxlcnRfbWFuYWdlcl9kZW1v__RMD5e64717840886b5a3_at_1419407805_0.9278",demo2,low,1,"auto_previous_resolved",86400
549aa73ffb634073d3547b5b,"demo_alert1_splunk_errors",1419421502,"scheduler__admin_U0EtYWxlcnRfbWFuYWdlcl9kZW1v__RMD5efab7809fc8bc710_at_1419421500_233",demo1,critical,4,"auto_assigned",3600
549aa73ffb634073d3547b5c,"demo_alert2_splunk_warnings",1419421502,"scheduler__admin_U0EtYWxlcnRfbWFuYWdlcl9kZW1v__RMD5ad7b61a9b44b3088_at_1419421500_234",unassigned,medium,3,new,86400
549aa86cfb634073d3547b5d,"demo_alert1_splunk_errors",1419421802,"scheduler__admin_U0EtYWxlcnRfbWFuYWdlcl9kZW1v__RMD5efab7809fc8bc710_at_1419421800_237",demo1,critical,4,"auto_assigned",3600
